"Annot","Term","Annotated","Significant","Pvalue","Padj","GeneID"
"04974","Protein digestion and absorption",108,3,0.000115757534910218,0.0032412109774861,"Col14a1,Col1a1,Col3a1"
"04820","Cytoskeleton in muscle cells",233,3,0.00110895518439194,0.0155253725814872,"Col1a1,Col3a1,Sdc3"
"04933","AGE-RAGE signaling pathway in diabetic complications",101,2,0.00381772383070584,0.0295915937127209,"Col1a1,Col3a1"
"05146","Amoebiasis",108,2,0.004352769362585,0.0295915937127209,"Col1a1,Col3a1"
"04611","Platelet activation",126,2,0.00587918236205348,0.0295915937127209,"Col1a1,Col3a1"
"04926","Relaxin signaling pathway",131,2,0.00634105579558304,0.0295915937127209,"Col1a1,Col3a1"
"05415","Diabetic cardiomyopathy",217,2,0.0167154316020311,0.0585040106071089,"Col1a1,Col3a1"
"04151","PI3K-Akt signaling pathway",368,2,0.0446472827890327,0.138902657565879,"Col1a1,Fgf1"
