"category","subcategory","ID","Description","GeneRatio","BgRatio","RichFactor","FoldEnrichment","zScore","pvalue","p.adjust","qvalue","geneID","Count"
"Human Diseases","Infectious disease: viral","mmu05166","Human T-cell leukemia virus 1 infection","3/5","247/10644",0.0121457489878543,25.8558704453441,8.56820916908922,0.000119274237251826,0.00763355118411687,0.00401765851795625,"13653/14281/14964",3
"Organismal Systems","Endocrine system","mmu04928","Parathyroid hormone synthesis, secretion and action","2/5","116/10644",0.0172413793103448,36.7034482758621,8.38171419735168,0.00115254191778507,0.0190776386419155,0.0100408624431134,"13653/14281",2
"Organismal Systems","Endocrine system","mmu04935","Growth hormone synthesis, secretion and action","2/5","117/10644",0.0170940170940171,36.3897435897436,8.34419921630424,0.00117236457286786,0.0190776386419155,0.0100408624431134,"14281/16477",2
"Environmental Information Processing","Signal transduction","mmu04668","TNF signaling pathway","2/5","118/10644",0.0169491525423729,36.0813559322034,8.30715512825029,0.00119235241511972,0.0190776386419155,0.0100408624431134,"14281/16477",2
"Organismal Systems","Development and regeneration","mmu04380","Osteoclast differentiation","2/5","136/10644",0.0147058823529412,31.3058823529412,7.71086294457622,0.00158027092639215,0.0202274678578196,0.0106460357146419,"14281/16477",2
"Human Diseases","Infectious disease: viral","mmu05167","Kaposi sarcoma-associated herpesvirus infection","2/5","224/10644",0.00892857142857143,19.0071428571429,5.90475100133525,0.00422832644693732,0.0451021487673315,0.0237379730354376,"14281/14964",2
"Human Diseases","Infectious disease: viral","mmu05170","Human immunodeficiency virus 1 infection","2/5","243/10644",0.00823045267489712,17.520987654321,5.64765584654693,0.00495986047024371,0.0453472957279425,0.0238669977515487,"14281/14964",2
