"category","subcategory","ID","Description","GeneRatio","BgRatio","RichFactor","FoldEnrichment","zScore","pvalue","p.adjust","qvalue","geneID","Count"
"Environmental Information Processing","Signaling molecules and interaction","mmu04517","IgSF CAM signaling","8/28","300/10644",0.0266666666666667,10.1371428571429,8.24436817773097,6.89900732478067e-07,3.31152351589472e-05,2.54173954070867e-05,"640524/269116/18858/94332/17196/17528/235379/20563",8
"Cellular Processes","Cell motility","mmu04820","Cytoskeleton in muscle cells","7/28","233/10644",0.0300429184549356,11.4206008583691,8.25952535049446,1.76079913626844e-06,4.22591792704425e-05,3.24357735628397e-05,"640524/12842/12831/53867/12843/22352/71355",7
"Organismal Systems","Digestive system","mmu04974","Protein digestion and absorption","5/28","108/10644",0.0462962962962963,17.5992063492063,8.90413861775128,7.99667346563025e-06,0.000127946775450084,9.8204761858617e-05,"12842/12831/53867/12843/71355",5
"Environmental Information Processing","Signaling molecules and interaction","mmu04512","ECM-receptor interaction","3/28","89/10644",0.0337078651685393,12.8138041733547,5.74759613410528,0.00159147396305345,0.0190976875566414,0.0146583128175976,"12842/12843/81877",3
