"ID","Description","GeneRatio","BgRatio","RichFactor","FoldEnrichment","zScore","pvalue","p.adjust","qvalue","geneID","Count"
"GO:0006909","phagocytosis","7/83","252/25730",0.0277777777777778,8.61111111111111,6.90713396939092,1.7525897774245e-05,0.016057570061119,0.0132065113311803,"Mertk/Ldlr/Gsn/Ncf2/Rap1gap/Abca7/Clcn2",7
"GO:0015748","organophosphate ester transport","6/83","178/25730",0.0337078651685393,10.4494382022472,7.19673903342343,2.44603598944759e-05,0.016057570061119,0.0132065113311803,"Etnppl/Atp8a1/Abcc5/Ldlr/Abca7/Atp11a",6
"GO:0015914","phospholipid transport","5/83","110/25730",0.0454545454545455,14.0909090909091,7.82724270626066,2.90197049297332e-05,0.016057570061119,0.0132065113311803,"Etnppl/Atp8a1/Ldlr/Abca7/Atp11a",5
"GO:0090201","negative regulation of release of cytochrome c from mitochondria","3/83","21/25730",0.142857142857143,44.2857142857143,11.2886980708453,4.12787657957825e-05,0.0171306878052498,0.0140890945360868,"Bcl2l2/Arrb2/Bcl2l1",3
"GO:0071276","cellular response to cadmium ion","3/83","24/25730",0.125,38.75,10.5253740568102,6.23807708588983e-05,0.0207104159251542,0.0170332336429455,"Mt2/Gsn/Mt1",3
