"category","subcategory","ID","Description","GeneRatio","BgRatio","RichFactor","FoldEnrichment","zScore","pvalue","p.adjust","qvalue","geneID","Count"
"Cellular Processes","Cell motility","mmu04820","Cytoskeleton in muscle cells","8/34","233/10644",0.0343347639484979,10.7488008078768,8.51719776952791,5.19402888039707e-07,4.98626772518119e-05,4.5379410218206e-05,"11735/12843/22352/373864/20742/18810/22330/12826",8
"Environmental Information Processing","Signaling molecules and interaction","mmu04517","IgSF CAM signaling","8/34","300/10644",0.0266666666666667,8.34823529411765,7.30824710570649,3.47772069741003e-06,0.000166930593475681,0.000151921483097385,"269116/11735/18213/17967/16728/20742/22330/244654",8
"Organismal Systems","Digestive system","mmu04974","Protein digestion and absorption","5/34","108/10644",0.0462962962962963,14.4934640522876,7.9783163166235,2.1570783330343e-05,0.000690265066570976,0.000628201760146832,"246049/12843/107581/373864/12826",5
