"category","subcategory","ID","Description","GeneRatio","BgRatio","RichFactor","FoldEnrichment","zScore","pvalue","p.adjust","qvalue","geneID","Count"
"Environmental Information Processing","Signaling molecules and interaction","mmu04517","IgSF CAM signaling","10/40","300/10644",0.0333333333333333,8.87,8.49216201246143,1.09129554023949e-07,1.25498987127541e-05,1.10278286171569e-05,"269116/11735/18213/17196/17967/16485/16728/20742/22330/244654",10
"Cellular Processes","Cell motility","mmu04820","Cytoskeleton in muscle cells","8/40","233/10644",0.0343347639484979,9.13648068669528,7.71250577774627,1.96428324411605e-06,0.000112946286536673,9.92479954921795e-05,"11735/12843/22352/373864/20742/18810/22330/12826",8
"Organismal Systems","Digestive system","mmu04974","Protein digestion and absorption","5/40","108/10644",0.0462962962962963,12.3194444444444,7.26149890629233,4.86016177129202e-05,0.00186306201232861,0.00163710712296152,"246049/12843/107581/373864/12826",5
