"ID","Description","GeneRatio","BgRatio","RichFactor","FoldEnrichment","zScore","pvalue","p.adjust","qvalue","geneID","Count"
"GO:0042552","myelination","4/11","200/25730",0.02,46.7818181818182,13.4419842916521,1.12020421497714e-06,6.34387785693746e-05,2.97734797174403e-05,"Mbp/Prx/Bcas1/Gjc3",4
"GO:0007272","ensheathment of neurons","4/11","204/25730",0.0196078431372549,45.8645276292335,13.3047757077768,1.21220595992436e-06,6.34387785693746e-05,2.97734797174403e-05,"Mbp/Prx/Bcas1/Gjc3",4
"GO:0008366","axon ensheathment","4/11","204/25730",0.0196078431372549,45.8645276292335,13.3047757077768,1.21220595992436e-06,6.34387785693746e-05,2.97734797174403e-05,"Mbp/Prx/Bcas1/Gjc3",4
"GO:0050954","sensory perception of mechanical stimulus","3/11","319/25730",0.00940438871473354,21.9977201481904,7.80436124337963,0.000289337474769189,0.00911082941339196,0.0042759507806734,"Mbp/Kcna1/Gjc3",3
"GO:0034113","heterotypic cell-cell adhesion","2/11","60/25730",0.0333333333333333,77.969696969697,12.3442078139858,0.000290153802974266,0.00911082941339196,0.0042759507806734,"Mbp/Ctnna3",2
"GO:0019233","sensory perception of pain","2/11","113/25730",0.0176991150442478,41.3998390989541,8.90093193225325,0.00102459682938632,0.025461229897874,0.0119496218092603,"Prx/Kcna1",2
"GO:0019226","transmission of nerve impulse","2/11","119/25730",0.0168067226890756,39.3124522536287,8.66325145317075,0.00113521407187973,0.025461229897874,0.0119496218092603,"Prx/Kcna1",2
"GO:0006937","regulation of muscle contraction","2/11","176/25730",0.0113636363636364,26.5805785123967,7.04235651965217,0.00245711811414492,0.0482209429900941,0.0226313510513348,"Kcna1/Ctnna3",2
