"category","subcategory","ID","Description","GeneRatio","BgRatio","RichFactor","FoldEnrichment","zScore","pvalue","p.adjust","qvalue","geneID","Count"
"Human Diseases","Endocrine and metabolic disease","mmu04936","Alcoholic liver disease","3/7","141/10644",0.0212765957446809,32.3525835866261,9.61385747416267,7.66078470411665e-05,0.00490290221063466,0.00354815291559087,"72674/18035/56484",3
"Organismal Systems","Endocrine system","mmu04920","Adipocytokine signaling pathway","2/7","72/10644",0.0277777777777778,42.2380952380952,9.00653497253995,0.000927058753851948,0.0296658801232623,0.0214687290365714,"72674/18035",2
"Organismal Systems","Aging","mmu04211","Longevity regulating pathway","2/7","90/10644",0.0222222222222222,33.7904761904762,8.01367831305029,0.00144442167671918,0.0304238347750228,0.0220172488503454,"72674/56484",2
"Organismal Systems","Immune system","mmu04625","C-type lectin receptor signaling pathway","2/7","112/10644",0.0178571428571429,27.1530612244898,7.13752410675542,0.00222638446415115,0.0304238347750228,0.0220172488503454,"18035/13654",2
"Organismal Systems","Nervous system","mmu04722","Neurotrophin signaling pathway","2/7","121/10644",0.0165289256198347,25.133412042503,6.8487781629928,0.00259296689550225,0.0304238347750228,0.0220172488503454,"18035/56484",2
"Environmental Information Processing","Signal transduction","mmu04152","AMPK signaling pathway","2/7","127/10644",0.015748031496063,23.9460067491564,6.67320569825663,0.00285223451015839,0.0304238347750228,0.0220172488503454,"72674/56484",2
"Human Diseases","Infectious disease: viral","mmu05161","Hepatitis B","2/7","164/10644",0.0121951219512195,18.5435540069686,5.80804981117509,0.00470962350590923,0.0430594149111701,0.0311614186857152,"18035/13654",2
