"category","subcategory","ID","Description","GeneRatio","BgRatio","RichFactor","FoldEnrichment","zScore","pvalue","p.adjust","qvalue","geneID","Count"
"Human Diseases","Infectious disease: bacterial","mmu05134","Legionellosis","3/14","60/10644",0.05,38.0142857142857,10.433967970657,5.93100253370887e-05,0.00395791437626394,0.00354293205666395,"15511/15481/12747",3
"Organismal Systems","Aging","mmu04213","Longevity regulating pathway - multiple species","3/14","61/10644",0.0491803278688525,37.3911007025761,10.3439193976783,6.2329360256125e-05,0.00395791437626394,0.00354293205666395,"15511/15481/18708",3
"Organismal Systems","Endocrine system","mmu04915","Estrogen signaling pathway","3/14","134/10644",0.0223880597014925,17.0213219616205,6.77296460205768,0.000641576283782176,0.0223486740441003,0.020005443819004,"15511/15481/18708",3
"Human Diseases","Infectious disease: viral","mmu05162","Measles","3/14","145/10644",0.0206896551724138,15.7300492610837,6.48102429022063,0.000807361399886176,0.0223486740441003,0.020005443819004,"15511/15481/18708",3
"Organismal Systems","Environmental adaptation","mmu04710","Circadian rhythm","2/14","34/10644",0.0588235294117647,44.7226890756302,9.2665494516225,0.000879869056854341,0.0223486740441003,0.020005443819004,"18626/18628",2
