"category","subcategory","ID","Description","GeneRatio","BgRatio","RichFactor","FoldEnrichment","zScore","pvalue","p.adjust","qvalue","geneID","Count"
"Human Diseases","Infectious disease: bacterial","mmu05134","Legionellosis","1/2","60/10644",0.0166666666666667,88.7,9.33868452631169,0.0112427082877621,0.0463904247284533,0.0122080065074877,"15481",1
"Organismal Systems","Aging","mmu04213","Longevity regulating pathway - multiple species","1/2","61/10644",0.0163934426229508,87.2459016393443,9.26049897151881,0.0114295482899753,0.0463904247284533,0.0122080065074877,"15481",1
"Organismal Systems","Immune system","mmu04612","Antigen processing and presentation","1/2","88/10644",0.0113636363636364,60.4772727272727,7.68029838610077,0.0164675548619837,0.0463904247284533,0.0122080065074877,"15481",1
"Metabolism","Lipid metabolism","mmu00564","Glycerophospholipid metabolism","1/2","101/10644",0.0099009900990099,52.6930693069307,7.15560410723588,0.0188886715003197,0.0463904247284533,0.0122080065074877,"71760",1
"Human Diseases","Infectious disease: parasitic","mmu05145","Toxoplasmosis","1/2","109/10644",0.00917431192660551,48.8256880733945,6.88006605046,0.0203771064343261,0.0463904247284533,0.0122080065074877,"15481",1
"Organismal Systems","Endocrine system","mmu04915","Estrogen signaling pathway","1/2","134/10644",0.00746268656716418,39.7164179104478,6.18274894234974,0.025021183027181,0.0463904247284533,0.0122080065074877,"15481",1
"Human Diseases","Infectious disease: viral","mmu05162","Measles","1/2","145/10644",0.00689655172413793,36.7034482758621,5.93411006952793,0.0270610810915978,0.0463904247284533,0.0122080065074877,"15481",1
"Genetic Information Processing","Folding, sorting and degradation","mmu04141","Protein processing in endoplasmic reticulum","1/2","177/10644",0.00564971751412429,30.0677966101695,5.34592714018008,0.0329831835523737,0.0494747753285606,0.0130196777180423,"15481",1
