"category","subcategory","ID","Description","GeneRatio","BgRatio","RichFactor","FoldEnrichment","zScore","pvalue","p.adjust","qvalue","geneID","Count"
"Organismal Systems","Environmental adaptation","mmu04710","Circadian rhythm","4/26","34/10644",0.117647058823529,48.1628959276018,13.6294890546338,1.23423828755807e-06,0.000171559121970571,0.000136415810730102,"18626/18627/18628/12953",4
"Human Diseases","Infectious disease: viral","mmu05162","Measles","4/26","145/10644",0.0275862068965517,11.2933687002653,6.17539734802084,0.000391195088777034,0.0188213631070897,0.0149658699450543,"15481/15511/18708/12048",4
"Organismal Systems","Aging","mmu04213","Longevity regulating pathway - multiple species","3/26","61/10644",0.0491803278688525,20.1336696090794,7.41576799871209,0.000423923490219996,0.0188213631070897,0.0149658699450543,"15481/15511/18708",3
"Environmental Information Processing","Signal transduction","mmu04150","mTOR signaling pathway","4/26","158/10644",0.0253164556962025,10.3641674780915,5.86800038675923,0.000541621959916251,0.0188213631070897,0.0149658699450543,"20393/74747/18708/69008",4
"Human Diseases","Cardiovascular disease","mmu05417","Lipid and atherosclerosis","4/26","217/10644",0.0184331797235023,7.54626019142148,4.82104058747215,0.00176598523469115,0.0365360785418737,0.0290517852850946,"15481/15511/18708/12048",4
"Organismal Systems","Environmental adaptation","mmu04713","Circadian entrainment","3/26","100/10644",0.03,12.2815384615385,5.60870985819884,0.00178818308962689,0.0365360785418737,0.0290517852850946,"18626/18627/18628",3
"Metabolism","Lipid metabolism","mmu00564","Glycerophospholipid metabolism","3/26","101/10644",0.0297029702970297,12.1599390708302,5.57619241975299,0.00183994640138932,0.0365360785418737,0.0290517852850946,"225845/71760/14555",3
"Human Diseases","Infectious disease: parasitic","mmu05145","Toxoplasmosis","3/26","109/10644",0.0275229357798165,11.2674664784757,5.33158843434255,0.00228805665360964,0.0397549843564676,0.0316113090301332,"15481/15511/12048",3
