"category","subcategory","ID","Description","GeneRatio","BgRatio","RichFactor","FoldEnrichment","zScore","pvalue","p.adjust","qvalue","geneID","Count"
"Organismal Systems","Digestive system","mmu04974","Protein digestion and absorption","4/24","108/10644",0.037037037037037,16.4259259259259,7.65950372848493,9.10912283799747e-05,0.00592092984469835,0.00498604618500914,"12842/12825/17380/16529",4
"Environmental Information Processing","Signaling molecules and interaction","mmu04512","ECM-receptor interaction","3/24","89/10644",0.0337078651685393,14.9494382022472,6.28200091479129,0.00100727307733357,0.0282473629913834,0.0237872530453755,"12842/21825/64176",3
"Cellular Processes","Cell motility","mmu04820","Cytoskeleton in muscle cells","4/24","233/10644",0.0171673819742489,7.6137339055794,4.85236932410629,0.00168457846677647,0.0282473629913834,0.0237872530453755,"12842/21825/12825/21956",4
"Cellular Processes","Cell motility","mmu04810","Regulation of actin cytoskeleton","4/24","235/10644",0.0170212765957447,7.54893617021277,4.82586954824005,0.00173829926100821,0.0282473629913834,0.0237872530453755,"14164/66214/109828/16411",4
