"pathway","pval","padj","ES","NES","nMoreExtreme","size","leadingEdge"
"OXPHOS_Complex",0.7455919395466,0.7455919395466,0.446607696848552,0.818775452853966,1183,5,