"category","subcategory","ID","Description","GeneRatio","BgRatio","RichFactor","FoldEnrichment","zScore","pvalue","p.adjust","qvalue","geneID","Count"
"Organismal Systems","Nervous system","mmu04722","Neurotrophin signaling pathway","2/4","121/10644",0.0165289256198347,43.9834710743802,9.21967466115317,0.000757621711984975,0.0303081151764968,0.0129776050711137,"18035/56484",2
"Human Diseases","Endocrine and metabolic disease","mmu04936","Alcoholic liver disease","2/4","141/10644",0.0141843971631206,37.7446808510638,8.51605712480198,0.0010273937347965,0.0303081151764968,0.0129776050711137,"18035/56484",2
"Organismal Systems","Immune system","mmu04062","Chemokine signaling pathway","2/4","194/10644",0.0103092783505155,27.4329896907216,7.20410806939273,0.00193570188507079,0.0380688037397255,0.0163006474532277,"18035/56484",2
"Human Diseases","Cancer: overview","mmu05208","Chemical carcinogenesis - reactive oxygen species","2/4","229/10644",0.00873362445414847,23.2401746724891,6.59655990342428,0.00268734346567283,0.0396383161186742,0.0169726955726705,"18035/56484",2
