"category","subcategory","ID","Description","GeneRatio","BgRatio","RichFactor","FoldEnrichment","zScore","pvalue","p.adjust","qvalue","geneID","Count"
"Organismal Systems","Immune system","mmu04610","Complement and coagulation cascades","7/99","94/10644",0.074468085106383,8.00644745325596,6.6109200129976,2.57035517399319e-05,0.00424108603708876,0.0041125682783891,"11537/22371/50702/109828/20720/268591/16411",7
"Cellular Processes","Cell motility","mmu04820","Cytoskeleton in muscle cells","10/99","233/10644",0.0429184549356223,4.61438418519964,5.40495878870551,5.9006229856901e-05,0.00486801396319433,0.00472049838855208,"12842/21825/12825/21924/20970/12845/118449/14200/21956/14119",10
"Environmental Information Processing","Signaling molecules and interaction","mmu04517","IgSF CAM signaling","11/99","300/10644",0.0366666666666667,3.94222222222222,5.00862110397167,0.000103029174666942,0.00566660460668179,0.00549488931557022,"17196/18857/21367/380928/16490/22153/22152/17136/19283/16411/74144",11
"Environmental Information Processing","Signaling molecules and interaction","mmu04512","ECM-receptor interaction","6/99","89/10644",0.0674157303370786,7.24821246169561,5.73519263320782,0.000173297864109307,0.00714853689450891,0.00693191456437228,"12842/21825/19699/22371/64176/12845",6
"Environmental Information Processing","Signaling molecules and interaction","mmu04514","Cell adhesion molecule (CAM) interaction","7/99","181/10644",0.0386740331491713,4.15804453373514,4.15198485902719,0.00146252926145035,0.0482634656278616,0.0468009363664112,"14969/20970/12741/21367/242653/17136/12562",7
