"category","subcategory","ID","Description","GeneRatio","BgRatio","RichFactor","FoldEnrichment","zScore","pvalue","p.adjust","qvalue","geneID","Count"
"Organismal Systems","Endocrine system","mmu04925","Aldosterone synthesis and secretion","3/15","104/10644",0.0288461538461538,20.4692307692308,7.49508589216404,0.000378565835194394,0.0211977550315213,0.0176509193506776,"16835/11933/15370",3
"Environmental Information Processing","Signal transduction","mmu04010","MAPK signaling pathway","4/15","299/10644",0.0133779264214047,9.49297658862876,5.59579415969436,0.000651954732086815,0.0211977550315213,0.0176509193506776,"216869/15481/19099/15370",4
"Organismal Systems","Environmental adaptation","mmu04710","Circadian rhythm","2/15","34/10644",0.0588235294117647,41.7411764705882,8.93813252211416,0.00101320278963085,0.0211977550315213,0.0176509193506776,"18627/13170",2
"Organismal Systems","Excretory system","mmu04960","Aldosterone-regulated sodium reabsorption","2/15","38/10644",0.0526315789473684,37.3473684210526,8.43180233777021,0.00126553761382217,0.0211977550315213,0.0176509193506776,"20393/11933",2
"Organismal Systems","Digestive system","mmu04978","Mineral absorption","2/15","55/10644",0.0363636363636364,25.8036363636364,6.9278852139247,0.00263657236291212,0.0353300696630224,0.0294185968914405,"12724/11933",2
"Human Diseases","Cardiovascular disease","mmu05417","Lipid and atherosclerosis","3/15","217/10644",0.0138248847926267,9.81013824884793,4.92565920436655,0.00317239132486898,0.035425036461037,0.029497673722466,"17970/15481/16835",3
"Organismal Systems","Endocrine system","mmu04927","Cortisol synthesis and secretion","2/15","72/10644",0.0277777777777778,19.7111111111111,5.98437370200002,0.00447580371410594,0.0428398355492997,0.0356718190748293,"16835/15370",2
"Cellular Processes","Transport and catabolism","mmu04144","Endocytosis","3/15","270/10644",0.0111111111111111,7.88444444444444,4.304365253804,0.00585778817304017,0.0490589759492114,0.040850364890938,"216869/15481/16835",3
