"category","subcategory","ID","Description","GeneRatio","BgRatio","RichFactor","FoldEnrichment","zScore","pvalue","p.adjust","qvalue","geneID","Count"
"Environmental Information Processing","Signaling molecules and interaction","mmu04517","IgSF CAM signaling","11/51","300/10644",0.0366666666666667,7.65254901960784,8.1098362972584,1.29503820879262e-07,1.30798859088055e-05,1.28140622764744e-05,"18213/17528/17967/11735/18858/94332/269116/140721/20742/244654/19280",11
"Organismal Systems","Digestive system","mmu04974","Protein digestion and absorption","6/51","108/10644",0.0555555555555556,11.5947712418301,7.6784438680253,1.17954944175062e-05,0.000595672468084065,0.00058356656591873,"246049/107581/373864/67760/98660/17254",6
"Environmental Information Processing","Signaling molecules and interaction","mmu04514","Cell adhesion molecule (CAM) interaction","6/51","181/10644",0.0331491712707182,6.91842703932402,5.57217959894672,0.000212360934223262,0.00714948478551648,0.00700418519894267,"17528/17967/94332/269116/242653/19280",6
