"ID","Description","GeneRatio","BgRatio","RichFactor","FoldEnrichment","zScore","pvalue","p.adjust","qvalue","geneID","Count"
"GO:0042552","myelination","3/16","200/25730",0.015,24.121875,8.18840405074329,0.000240447252221743,0.0237013395780344,0.0132344774855653,"Pmp22/Bcas1/Gjc3",3
"GO:0007272","ensheathment of neurons","3/16","204/25730",0.0147058823529412,23.6488970588235,8.10134979301756,0.000254853113742306,0.0237013395780344,0.0132344774855653,"Pmp22/Bcas1/Gjc3",3
"GO:0008366","axon ensheathment","3/16","204/25730",0.0147058823529412,23.6488970588235,8.10134979301756,0.000254853113742306,0.0237013395780344,0.0132344774855653,"Pmp22/Bcas1/Gjc3",3
