"category","term","number_of_genes","number_of_genes_in_background","ncbiTaxonId","inputGenes","preferredNames","p_value","fdr","description"
"KEGG","mmu04114",7,114,10090,"10090.ENSMUSP00000020706,10090.ENSMUSP00000023007,10090.ENSMUSP00000026128,10090.ENSMUSP00000028341,10090.ENSMUSP00000070728,10090.ENSMUSP00000071720,10090.ENSMUSP00000083393","Adcy1,Adcy8,Anapc11,Anapc2,Btrc,Camk2g,Anapc5",0.00012,0.0222,"Oocyte meiosis"
"KEGG","mmu04261",8,141,10090,"10090.ENSMUSP00000020706,10090.ENSMUSP00000023007,10090.ENSMUSP00000031423,10090.ENSMUSP00000034983,10090.ENSMUSP00000071720,10090.ENSMUSP00000106789,10090.ENSMUSP00000108371,10090.ENSMUSP00000155514","Adcy1,Adcy8,Atp2a2,Atp1b3,Camk2g,Akt3,Bcl2,Cacnb3",6.67e-05,0.0222,"Adrenergic signaling in cardiomyocytes"
"KEGG","mmu04914",6,90,10090,"10090.ENSMUSP00000020706,10090.ENSMUSP00000023007,10090.ENSMUSP00000026128,10090.ENSMUSP00000028341,10090.ENSMUSP00000083393,10090.ENSMUSP00000106789","Adcy1,Adcy8,Anapc11,Anapc2,Anapc5,Akt3",0.00024,0.0222,"Progesterone-mediated oocyte maturation"
"KEGG","mmu04966",4,27,10090,"10090.ENSMUSP00000006435,10090.ENSMUSP00000048770,10090.ENSMUSP00000099399,10090.ENSMUSP00000127552","Atp6v1b2,Atp6v1g1,Atp6v0a1,Atp6v0e",0.00017,0.0222,"Collecting duct acid secretion"
"KEGG","mmu04721",5,73,10090,"10090.ENSMUSP00000006435,10090.ENSMUSP00000007216,10090.ENSMUSP00000048770,10090.ENSMUSP00000099399,10090.ENSMUSP00000127552","Atp6v1b2,Ap2m1,Atp6v1g1,Atp6v0a1,Atp6v0e",0.00072,0.048,"Synaptic vesicle cycle"
