"ID","Description","GeneRatio","BgRatio","RichFactor","FoldEnrichment","zScore","pvalue","p.adjust","qvalue","geneID","Count"
"GO:0045161","neuronal ion channel clustering","2/12","14/25730",0.142857142857143,306.309523809524,24.6823292722119,1.80884794760589e-05,0.00638523325504878,0.00337016933396044,"Gldn/Pmp22",2
"GO:0050905","neuromuscular process","3/12","228/25730",0.0131578947368421,28.2127192982456,8.91529514372266,0.000142410895185868,0.0251355230003058,0.0132666991831046,"Pmp22/Nr4a1/Kcna1",3
"GO:0031670","cellular response to nutrient","2/12","55/25730",0.0363636363636364,77.969696969697,12.3432457537026,0.000292060677057099,0.0324566705856275,0.0171308504358314,"Col1a1/Mat2a",2
"GO:0019228","neuronal action potential","2/12","66/25730",0.0303030303030303,64.9747474747475,11.2409199549182,0.000420664757592813,0.0324566705856275,0.0171308504358314,"Pmp22/Kcna1",2
"GO:0042551","neuron maturation","2/12","69/25730",0.0289855072463768,62.1497584541063,10.9866675552642,0.000459726212261012,0.0324566705856275,0.0171308504358314,"Gldn/Pmp22",2
"GO:0034504","protein localization to nucleus","3/12","369/25730",0.00813008130081301,17.4322493224932,6.86768697905196,0.000584632062141331,0.034395852989315,0.018154364034915,"Col1a1/Nr4a1/Limk2",3
