"category","term","number_of_genes","number_of_genes_in_background","ncbiTaxonId","inputGenes","preferredNames","p_value","fdr","description"
"KEGG","mmu02010",5,50,10090,"10090.ENSMUSP00000024829,10090.ENSMUSP00000045285,10090.ENSMUSP00000078158,10090.ENSMUSP00000099983,10090.ENSMUSP00000128121","Abcg1,Abca3,Abcc5,Abca2,Abca7",0.00014,0.0468,"ABC transporters"
"KEGG","mmu04211",6,90,10090,"10090.ENSMUSP00000020706,10090.ENSMUSP00000032272,10090.ENSMUSP00000033093,10090.ENSMUSP00000040208,10090.ENSMUSP00000076081,10090.ENSMUSP00000103981","Adcy1,Adipor2,Bax,Creb3l2,Atg13,Akt2",0.00024,0.0468,"Longevity regulating pathway"
"KEGG","mmu04215",4,32,10090,"10090.ENSMUSP00000027499,10090.ENSMUSP00000033093,10090.ENSMUSP00000105445,10090.ENSMUSP00000136329","Bok,Bax,Bcl2l1,Birc6",0.00031,0.0468,"Apoptosis - multiple species"
"KEGG","mmu04971",5,69,10090,"10090.ENSMUSP00000020706,10090.ENSMUSP00000034983,10090.ENSMUSP00000071486,10090.ENSMUSP00000071720,10090.ENSMUSP00000083077","Adcy1,Atp1b3,Actg1,Camk2g,Atp1a2",0.00057,0.0471,"Gastric acid secretion"
