"Annot","Term","Annotated","Significant","Pvalue","Padj","GeneID"
"04974","Protein digestion and absorption",108,3,5.48268050212746e-05,0.00142549693055314,"Col1a1,Col14a1,Col3a1"
"04820","Cytoskeleton in muscle cells",233,3,0.000534607905624878,0.00694990277312342,"Col1a1,Sdc3,Col3a1"
"04933","AGE-RAGE signaling pathway in diabetic complications",101,2,0.0024050744481288,0.0173753304394925,"Col1a1,Col3a1"
"05146","Amoebiasis",108,2,0.00274453719090918,0.0173753304394925,"Col1a1,Col3a1"
"04611","Platelet activation",126,2,0.00371531451697243,0.0173753304394925,"Col1a1,Col3a1"
"04926","Relaxin signaling pathway",131,2,0.00400969163988289,0.0173753304394925,"Col1a1,Col3a1"
"05415","Diabetic cardiomyopathy",217,2,0.0106835133984628,0.034721418545004,"Col1a1,Col3a1"
"04151","PI3K-Akt signaling pathway",368,2,0.0290738764447154,0.0839911986180666,"Col1a1,Fgf1"
