"Annot","Term","Annotated","Significant","Pvalue","Padj","GeneID"
"04514","Cell adhesion molecule (CAM) interaction",181,7,0.000274267376954455,0.0388757787928849,"H2-Eb1,Sdc3,Cldn5,Cntn2,Cldn19,Mag,Cdh5"
"04610","Complement and coagulation cascades",94,5,0.000511523405169538,0.0388757787928849,"Cfd,Vwf,Cfhr1,Serpine2,Serpina5"
"04517","IgSF CAM signaling",300,7,0.00508354366004424,0.224393447764673,"Cntn2,Lmo7,Kcna2,Tubb3,Mag,Ptprz1,Robo4"
"04820","Cytoskeleton in muscle cells",233,6,0.00590509073064928,0.224393447764673,"Tnnc1,Sdc3,Comp,Synpo2,Fhl2,Fbn2"
"00480","Glutathione metabolism",73,3,0.0146891883926048,0.446551327135186,"Gpx3,Ggt5,Gstt2"
"00590","Arachidonic acid metabolism",89,3,0.0247687954039459,0.537836700199969,"Ptgds,Ggt5,Ptges"
"04512","ECM-receptor interaction",89,3,0.0247687954039459,0.537836700199969,"Reln,Vwf,Comp"
"04976","Bile secretion",101,3,0.034249614576468,0.650742676952892,"Aqp1,Slc2a1,Ephx1"
"04145","Phagosome",183,4,0.0400033059839646,0.675611389951402,"H2-Eb1,Marco,Comp,Tubb3"
