"Annot","Term","Annotated","Significant","Pvalue","Padj","GeneID"
"04933","AGE-RAGE signaling pathway in diabetic complications",101,2,0.000875090124729982,0.00704247655287091,"Col1a1,Col3a1"
"04974","Protein digestion and absorption",108,2,0.000999918981085035,0.00704247655287091,"Col1a1,Col3a1"
"05146","Amoebiasis",108,2,0.000999918981085035,0.00704247655287091,"Col1a1,Col3a1"
"04611","Platelet activation",126,2,0.00135819034027957,0.00704247655287091,"Col1a1,Col3a1"
"04926","Relaxin signaling pathway",131,2,0.00146718261518144,0.00704247655287091,"Col1a1,Col3a1"
"05415","Diabetic cardiomyopathy",217,2,0.00397288848511825,0.0156613885252983,"Col1a1,Col3a1"
"04820","Cytoskeleton in muscle cells",233,2,0.00456790498654533,0.0156613885252983,"Col1a1,Col3a1"
"04151","PI3K-Akt signaling pathway",368,2,0.0111227537449568,0.0296606766532182,"Col1a1,Fgf1"
