"category","subcategory","ID","Description","GeneRatio","BgRatio","RichFactor","FoldEnrichment","zScore","pvalue","p.adjust","qvalue","geneID","Count"
"Organismal Systems","Excretory system","mmu04960","Aldosterone-regulated sodium reabsorption","3/24","38/10644",0.0789473684210526,35.0131578947368,9.98477621468985,8.06864211092469e-05,0.00605148158319351,0.00424665374259194,"20393/11933/11928",3
"Organismal Systems","Digestive system","mmu04978","Mineral absorption","3/24","55/10644",0.0545454545454545,24.1909090909091,8.19685094199268,0.000244692587548994,0.00917597203308727,0.00643927861971036,"11933/12724/11928",3
"Organismal Systems","Excretory system","mmu04964","Proximal tubule bicarbonate reclamation","2/24","22/10644",0.0909090909090909,40.3181818181818,8.7756038917628,0.00109500167133364,0.0220083259054482,0.0154444392318935,"11933/11928",2
"Organismal Systems","Endocrine system","mmu04925","Aldosterone synthesis and secretion","3/24","104/10644",0.0288461538461538,12.7932692307692,5.74521083718776,0.00157979392088467,0.0220083259054482,0.0154444392318935,"15370/11933/11928",3
"Cellular Processes","Cell motility","mmu04820","Cytoskeleton in muscle cells","4/24","233/10644",0.0171673819742489,7.6137339055794,4.85236932410629,0.00168457846677647,0.0220083259054482,0.0154444392318935,"12842/640524/11933/11928",4
"Organismal Systems","Digestive system","mmu04974","Protein digestion and absorption","3/24","108/10644",0.0277777777777778,12.3194444444444,5.62049418251671,0.00176066607243586,0.0220083259054482,0.0154444392318935,"12842/11933/11928",3
