"Annot","Term","Annotated","Significant","Pvalue","Padj","GeneID"
"04933","AGE-RAGE signaling pathway in diabetic complications",101,2,0.000265810350447972,0.00116309837666227,"Col1a1,Col3a1"
"04974","Protein digestion and absorption",108,2,0.000303994952303928,0.00116309837666227,"Col1a1,Col3a1"
"05146","Amoebiasis",108,2,0.000303994952303928,0.00116309837666227,"Col1a1,Col3a1"
"04611","Platelet activation",126,2,0.000413853021204623,0.00116309837666227,"Col1a1,Col3a1"
"04926","Relaxin signaling pathway",131,2,0.00044734552948549,0.00116309837666227,"Col1a1,Col3a1"
"05415","Diabetic cardiomyopathy",217,2,0.00122455051182025,0.00262005838385037,"Col1a1,Col3a1"
"04820","Cytoskeleton in muscle cells",233,2,0.00141080066822712,0.00262005838385037,"Col1a1,Col3a1"
