"ID","Description","GeneRatio","BgRatio","RichFactor","FoldEnrichment","zScore","pvalue","p.adjust","qvalue","geneID","Count"
"GO:0048545","response to steroid hormone","5/18","362/25730",0.0138121546961326,19.743707796194,9.50268760463211,3.95178438881185e-06,0.00198774754757236,0.00114809735927586,"Mbp/Col1a1/S100b/Fam107a/Cpe",5
"GO:0110096","cellular response to aldehyde","2/18","25/25730",0.08,114.355555555556,15.0031961188136,0.000137353232461158,0.0312696365680093,0.0180609389824643,"Col1a1/Haghl",2
"GO:0051384","response to glucocorticoid","3/18","162/25730",0.0185185185185185,26.4711934156379,8.60474884050996,0.00018649882644936,0.0312696365680093,0.0180609389824643,"S100b/Fam107a/Cpe",3
"GO:0031960","response to corticosteroid","3/18","180/25730",0.0166666666666667,23.8240740740741,8.13043430053104,0.000254296742506222,0.0319778153701574,0.0184699739293993,"S100b/Fam107a/Cpe",3
