"category","subcategory","ID","Description","GeneRatio","BgRatio","RichFactor","FoldEnrichment","zScore","pvalue","p.adjust","qvalue","geneID","Count"
"Organismal Systems","Environmental adaptation","mmu04710","Circadian rhythm","3/47","34/10644",0.0882352941176471,19.982478097622,7.38285207569608,0.000438667125454417,0.0494758405957904,0.0411494970517295,"18627/13170/104318",3
"Organismal Systems","Excretory system","mmu04960","Aldosterone-regulated sodium reabsorption","3/47","38/10644",0.0789473684210526,17.8790593505039,6.94150626640099,0.00061081284686161,0.0494758405957904,0.0411494970517295,"20393/11933/11928",3
