"Annot","Term","Annotated","Significant","Pvalue","Padj","GeneID"
"04933","AGE-RAGE signaling pathway in diabetic complications",101,2,0.00181502223005564,0.0133392663434254,"Col1a1,Col3a1"
"04974","Protein digestion and absorption",108,2,0.0020721095944372,0.0133392663434254,"Col1a1,Col3a1"
"05146","Amoebiasis",108,2,0.0020721095944372,0.0133392663434254,"Col1a1,Col3a1"
"04611","Platelet activation",126,2,0.00280820040732043,0.0133392663434254,"Col1a1,Col3a1"
"04926","Relaxin signaling pathway",131,2,0.00303165144168758,0.0133392663434254,"Col1a1,Col3a1"
"05415","Diabetic cardiomyopathy",217,2,0.00812111482304281,0.0292872765302279,"Col1a1,Col3a1"
"04820","Cytoskeleton in muscle cells",233,2,0.0093186788959816,0.0292872765302279,"Col1a1,Col3a1"
