"category","subcategory","ID","Description","GeneRatio","BgRatio","RichFactor","FoldEnrichment","zScore","pvalue","p.adjust","qvalue","geneID","Count"
NA,NA,"mmu03272","Virion - Hepatitis viruses","1/2","52/10637",0.0192307692307692,102.278846153846,10.0394610831483,0.00975375182308535,0.0414915324445816,NA,"242653",1
"Organismal Systems","Immune system","mmu04670","Leukocyte transendothelial migration","1/2","119/10637",0.00840336134453781,44.6932773109244,6.57289861773019,0.0222506126567298,0.0414915324445816,NA,"242653",1
"Human Diseases","Infectious disease: viral","mmu05160","Hepatitis C","1/2","167/10637",0.00598802395209581,31.8473053892216,5.5098216702145,0.0311547963721828,0.0414915324445816,NA,"242653",1
"Cellular Processes","Cellular community - eukaryotes","mmu04530","Tight junction","1/2","170/10637",0.00588235294117647,31.2852941176471,5.45859105700182,0.031709955489335,0.0414915324445816,NA,"242653",1
"Environmental Information Processing","Signaling molecules and interaction","mmu04514","Cell adhesion molecule (CAM) interaction","1/2","181/10637",0.00552486187845304,29.3839779005525,5.28159596510746,0.0337441777148413,0.0414915324445816,NA,"242653",1
"Environmental Information Processing","Signal transduction","mmu04015","Rap1 signaling pathway","1/2","215/10637",0.00465116279069767,24.7372093023256,4.82179530528728,0.0400182500339508,0.0414915324445816,NA,"110351",1
NA,NA,"mmu04382","Cornified envelope formation","1/2","223/10637",0.00448430493273543,23.8497757847534,4.7289095003841,0.0414915324445816,0.0414915324445816,NA,"242653",1
