"ID","Description","GeneRatio","BgRatio","RichFactor","FoldEnrichment","zScore","pvalue","p.adjust","qvalue","geneID","Count"
"GO:0048678","response to axon injury","3/18","97/25730",0.0309278350515464,44.2096219931272,11.2809686347029,4.06753322799488e-05,0.00822723980133032,0.00523114237235038,"Matn2/Cst3/Matn4",3
"GO:0030198","extracellular matrix organization","4/18","323/25730",0.0123839009287926,17.7020983832129,7.99236632442873,6.49105796175819e-05,0.00822723980133032,0.00523114237235038,"Matn2/Serpinh1/Cst3/Matn4",4
"GO:0045229","external encapsulating structure organization","4/18","324/25730",0.0123456790123457,17.6474622770919,7.9787007009461,6.56932231840756e-05,0.00822723980133032,0.00523114237235038,"Matn2/Serpinh1/Cst3/Matn4",4
"GO:0043062","extracellular structure organization","4/18","325/25730",0.0123076923076923,17.5931623931624,7.96509611359786,6.64827458693359e-05,0.00822723980133032,0.00523114237235038,"Matn2/Serpinh1/Cst3/Matn4",4
