"ID","Description","GeneRatio","BgRatio","RichFactor","FoldEnrichment","zScore","pvalue","p.adjust","qvalue","geneID","Count"
"GO:0048678","response to axon injury","3/16","97/25730",0.0309278350515464,49.735824742268,11.9955756319386,2.80677448570871e-05,0.00466928909437149,0.00284499142273857,"Matn2/Cst3/Matn4",3
"GO:0030198","extracellular matrix organization","4/16","323/25730",0.0123839009287926,19.9148606811146,8.53324744168714,3.93805978464628e-05,0.00466928909437149,0.00284499142273857,"Matn2/Serpinh1/Cst3/Matn4",4
"GO:0045229","external encapsulating structure organization","4/16","324/25730",0.0123456790123457,19.8533950617284,8.51884176176544,3.98578976356698e-05,0.00466928909437149,0.00284499142273857,"Matn2/Serpinh1/Cst3/Matn4",4
"GO:0043062","extracellular structure organization","4/16","325/25730",0.0123076923076923,19.7923076923077,8.50450068690994,4.033943062092e-05,0.00466928909437149,0.00284499142273857,"Matn2/Serpinh1/Cst3/Matn4",4
