"Annot","Term","Annotated","Significant","Pvalue","Padj","GeneID"
"04978","Mineral absorption",55,3,0.00215500913842485,0.258601096610981,"Mt2,Mt1,Clcn2"
"00900","Terpenoid backbone biosynthesis",23,2,0.00513732845459629,0.282486667456692,"Fdps,Hmgcs1"
"04148","Efferocytosis",163,4,0.00706216668641731,0.282486667456692,"Mertk,Atp8a1,Sgk1,Atp11a"
"04710","Circadian rhythm",34,2,0.0110232483065213,0.330697449195639,"Per2,Per1"
"04670","Leukocyte transendothelial migration",119,3,0.0182395270140188,0.370458172953314,"Cldn19,Ncf2,Rapgef3"
"05202","Transcriptional misregulation in cancer",226,4,0.0212723255077319,0.370458172953314,"Fus,Per2,Bcl2l1,Ddx5"
"04820","Cytoskeleton in muscle cells",233,4,0.0234867622991898,0.370458172953314,"Snta1,Itgb4,Tmod2,Fmn2"
"03272","Virion - Hepatitis viruses",52,2,0.0246972115302209,0.370458172953314,"Cldn19,Ldlr"
"02010","ABC transporters",58,2,0.0302454582180259,0.403272776240345,"Abcc5,Abca7"
