"Annot","Term","Annotated","Significant","Pvalue","Padj","GeneID"
"04928","Parathyroid hormone synthesis, secretion and action",116,2,0.0031586970925377,0.132665277886583,"Sgk1,Arrb2"
"05417","Lipid and atherosclerosis",217,2,0.0106835133984628,0.148030312348465,"Ldlr,Ncf2"
"04144","Endocytosis",270,2,0.016226198512893,0.148030312348465,"Ldlr,Arrb2"
"04010","MAPK signaling pathway",299,2,0.0196890064985979,0.148030312348465,"Mapk8ip1,Arrb2"
